Cadena,NúmeroTienda,Tienda
OXXO,50022,Tepeji MEX
OXXO,5008E,Ramos Millán MEX
OXXO,500K9,Morones Prieto MEX
OXXO,500QC,Sevilla II
OXXO,500V0,Torre Eugenia MEX
OXXO,500YH,N Pabellón Siglo XXI MEX
OXXO,5017P,Arco MEX
OXXO,502EI,Cholula MEX
OXXO,502EY,General Versalles MEX
OXXO,502YM,Amberes MEX
OXXO,5035L,Cuauhtemoc Delta MEX
OXXO,503F7,Chile MEX
OXXO,503LJ,N Havre Plug In MEX
OXXO,503W9,Masry MEX
OXXO,50404,Dr. Velasco MEX
OXXO,504BI,Anaxágoras MEX
OXXO,504HB,Terreros I MEX
OXXO,504OK,Santo Domingo MEX
OXXO,504PE,Ahorro MEX
OXXO,504SG,Plaza Juárez I MEX
OXXO,504XB,Ignacio I MEX
OXXO,5053V,Alameda Central MEX
OXXO,505C8,Lassaga MEX
OXXO,505ES,Sama Center MEX
OXXO,505QH,Carranza MEX
OXXO,505RA,Chopán MEX
OXXO,505WS,Najera I MEX
OXXO,505Z8,Milán MEX
OXXO,5064N,Mérida MEX
OXXO,506CJ,María Selene MEX
OXXO,506TN,Parque Etiopía MEX
OXXO,506WQ,Mérida 241 MEX
OXXO,507BL,Habana I MEX
OXXO,50700,Lucas Alamán MEX
OXXO,507ZP,Roldán MEX
OXXO,50854,Diagonal Poniente MEX 
OXXO,5088G,Sofía MEX
OXXO,508A4,Dr. Bolaños MEX
OXXO,508A8,Tizapán MEX
OXXO,509LW,BBVA Terraza MEX
OXXO,509NC,Taller 29 MEX
OXXO,509ST,Napolés MEX
OXXO,509WC,Bolivar MEX
OXXO,50A16,Quito MEX
OXXO,50AFW,Salto del Agua MEX
OXXO,50AMQ,Amores MEX
OXXO,50APB,Etiopía MEX
OXXO,50APG,Negrete MEX
OXXO,50ATM,Amsterdam MEX
OXXO,50AWA,Regina MEX
OXXO,50AYR,Tránsito MEX
OXXO,50BDM,Hermosillo MEX
OXXO,50BIM,Bismark MEX
OXXO,50BKP,Bonampak MEX
OXXO,50BOV,Bolivar MEX
OXXO,50BXN,Barcelona MEX
OXXO,50C8C,Albaniax MEX
OXXO,50CEH,Copenhague MEX
OXXO,50CM3,Asturias Valle MEX
OXXO,50CXB,San Juan MEX
OXXO,50CZM,Cozumel MEX
OXXO,50D8R,Medellín 215 MEX
OXXO,50DBM,Dr. Balmis MEX
OXXO,50DCK,Tonalá MEX
OXXO,50DDU,Doctor Lucio MEX
OXXO,50DI0,Zapata II
OXXO,50DLN,Divisóon del Nte. MEX
OXXO,50DOX,Plaza Nova MEX
OXXO,50DU3,N Sevilla MEX
OXXO,50DVY,Concepción MEX
OXXO,50DZG,Quinta de Cortés MEX
OXXO,50EAI,Jesús María MEX
OXXO,50EBG,Obregón Insurgentes MEX
OXXO,50EDM,Napoleón MEX
OXXO,50EDN,Allende MEX
OXXO,50EFV,Guanajuato II MEX
OXXO,50EHN,Chavero MEX
OXXO,50EK3,General Hernández MEX
OXXO,50EKH,Obregón II MEX
OXXO,50EKS,Eje 4 Sur MEX
OXXO,50EPL,Esperanza MEX
OXXO,50EPX,Peten MEX
OXXO,50EVB,Mesones II MEX
OXXO,50EVC,Hospital Juárez MEX
OXXO,50F36,Tepec MEX
OXXO,50F4M,Tegucigalpa MEX
OXXO,50FAD,Guadalajara MEX
OXXO,50FBW,5 de febrero MEX
OXXO,50FCY,Lázaro Cárdenas MEX
OXXO,50FHS,Chimalpopoca MEX
OXXO,50FW9,Dr. Andrade MEX
OXXO,50G6S,Nicolás San Juan MEX
OXXO,50GBG,Pino Suárez MEX
OXXO,50GDG,Aguascalientes MEX
OXXO,50GM4,Buenos Aires MEX
OXXO,50GYA,Guaymas MEX
OXXO,50GYC,Cuauhtemoc MEX
OXXO,50HND,Honduras MEX
OXXO,50HP4,Claudio Bernard MEX
OXXO,50HQ1,Refugio MEX
OXXO,50HV2,Rafael Donde MEX
OXXO,50HW6,Corporativo Condesa MEX
OXXO,50HZX,Correo Mayor MEX
OXXO,50ICM,TEMPLO MAYOR MEX
OXXO,50IEU,Neza MEX
OXXO,50IHF,Hospital Durango MEX
OXXO,50IHL,Saint Jhon MEX
OXXO,50IPD,Luis Moya MEX
OXXO,50IRF,Londres MEX
OXXO,50J10,Dr. Pascua MEX
OXXO,50J3K,N la Perla MEX
OXXO,50J51,Laura MEX
OXXO,50J6V,Eje Central I MEX
OXXO,50JC8,San Angel II MEX
OXXO,50JEH,Torquemada MEX
OXXO,50JGZ,Abraham González MEX
OXXO,50JKH,Atenas I MEX
OXXO,50JPA,Jalapa II MEX
OXXO,50K5J,Béistegui Universidad MEX
OXXO,50KBA,Cuba MEX
OXXO,50KD8,ARCOS B. MEX
OXXO,50KDQ,Medellín II MEX
OXXO,50KHK,Chapultepec I MEX
OXXO,50KJY,Inclan MEX
OXXO,50KOX,Xola MEX
OXXO,50KPX,Metro Niños Héroes MEX
OXXO,50KRE,Reforma MEX
OXXO,50KRW,Correspondencia MEX
OXXO,50KSV,Siglo XXI MEX
OXXO,50KUU,Juan A. Mateos MEX
OXXO,50L37,El Nuevo Liverpool MEX
OXXO,50L45,Enrico MEX
OXXO,50LH4,Dr. Liceaga I MEX
OXXO,50LID,Valladolid MEX
OXXO,50LXO,Algarin MEX
OXXO,50MBN,Baja California MEX
OXXO,50MCD,Condesa MEX
OXXO,50MDL,Medellín MEX
OXXO,50MEM,Médico Militar MEX
OXXO,50MIA,Mitla MEX
OXXO,50ML9,Dr. Jiménez MEX
OXXO,50MNZ,Manzanillo MEX
OXXO,50MQC,Colima II MEX
OXXO,50MQD,JT Cuellar MEX
OXXO,50MUY,Mundial MEX
OXXO,50N5R,Esparta MEX
OXXO,50NCR,Mancera MEX
OXXO,50NMQ,Poetas MEX
OXXO,50NO6,Transportes MEX
OXXO,50O1X,Agua MEX
OXXO,50O4G,El Fuerte MEX
OXXO,50OFT,Frontera MEX
OXXO,50OME,Morena MEX
OXXO,50ONI,Universidad MEX
OXXO,50ONZ,Niza MEX
OXXO,50OUG,Carmona y Valle MEX
OXXO,50OVK,Oriente 55 MEX
OXXO,50OXZ,Colima MEX
OXXO,50OZD,Durango MEX
OXXO,50P39,Arena México MEX
OXXO,50P59,Casas Grandes MEX
OXXO,50PBE,Puebla MEX
OXXO,50PC8,Justo Sierra MEX
OXXO,50PEM,Pestalozzi MEX
OXXO,50PYR,L Cárdenas MEX
OXXO,50QIS,Quintana Roo MEX
OXXO,50QK8,Viaducto Vértiz MEX
OXXO,50QLO,López MEX
OXXO,50QPE,La Quebrada Pte. MEX
OXXO,50R0H,Michel MEX
OXXO,50R1P,N New York Life MEX
OXXO,50RHX,Dr. Balmis II MEX
OXXO,50RMC,Roma MEX
OXXO,50RVG,Revillagigedo MEX
OXXO,50RZU,Roma Sur MEX
OXXO,50S69,Dr. Héroes MEX
OXXO,50SCD,Otomies MEX
OXXO,50SGJ,Monterrey MEX
OXXO,50SON,Sonora MEX
OXXO,50SRE,Izazaga I MEX
OXXO,50TAH,Toledo Álamo MEX
OXXO,50TDO,Toledo MEX
OXXO,50TIX,Parque Castilla MEX
OXXO,50TJN,Tajín MEX
OXXO,50TJT,Pabellon Cuauhtemoc MEX
OXXO,50U25,Mayalika MEX
OXXO,50UBZ,Centro Histórico MEX
OXXO,50UCS,Lucas Aleman MEX
OXXO,50UZT,Viena MEX
OXXO,50V2D,Scop
OXXO,50VDZ,Villa de Cortes MEX
OXXO,50VEZ,Veracruz MEX
OXXO,50VJI,Versalles MEX
OXXO,50VOW,Romita MEX
OXXO,50VV5,Azueta MEX
OXXO,50VY8,Aguilita MEX
OXXO,50VZ9,Coliseo MEX
OXXO,50VZA,Valenzuela MEX
OXXO,50VZU,Vicente Suarez MEX
OXXO,50WDQ,Marsella MEX
OXXO,50WGY,Gta. Insurgentes MEX
OXXO,50WKJ,Antonio Solis MEX
OXXO,50WLN,Valle Norte MEX
OXXO,50WP6,San Miguel  MEX
OXXO,50WQ0,Pardave MEX
OXXO,50WRI,Castilla MEX
OXXO,50WUP,Victoria MEX
OXXO,50WVS,Hospital Gral. MEX
OXXO,50WYC,Allende Centro MEX
OXXO,50X71,Tonalá 203 MEX
OXXO,50XA6,Diaco MEX
OXXO,50XH1,Nicaragua MEX
OXXO,50XMC,Rep Uruguay II MEX
OXXO,50XWA,Uxmal MEX
OXXO,50XWL,Metro Xola Valle MEX
OXXO,50XYJ,Doctores I MEX
OXXO,50Y60,Pasaje Moneda MEX
OXXO,50YDA,Juan Escutia MEX
OXXO,50YDI,Dinamarca MEX
OXXO,50YFW,Mercado del ValleMEX
OXXO,50YRP,Independencia MEX
OXXO,50YX4,Margil II MEX
OXXO,50Z34,Humboldt MEX
OXXO,50ZDX,Cadiz MEX
OXXO,50ZHN,Manuel Payno MEX
OXXO,50ZJL,Dr. Lavista
OXXO,50ZL4,N Josefa MEX
SEVEN,2340,CARRETERA LERMA-MEXICO
SEVEN,547,Campos Eliseos
SEVEN,1077,Yautepec
SEVEN,1968,Lago Zurich
SEVEN,724,Rio Danubio
SEVEN,540,Río Elba
SEVEN,510,Tokio
SEVEN,1616,Nuevo León esq Parrás
SEVEN,214,Atlixco
SEVEN,539,Rio Neva
SEVEN,2354,GENERAL SALVADOR ALVARADO
SEVEN,1841,BENJAMIN FRANKLIN
SEVEN,739,Ruben Darío
SEVEN,260,Nueva Chapultepec
SEVEN,62,Londres
SEVEN,3032,ALBERTO EINSTEN
SEVEN,1743,Vasco de Quiroga esq Mario Pani
SEVEN,789,Campeche
SEVEN,1424,Campos Eliseos 2
SEVEN,957,La Salle
SEVEN,497,Plaza Polanco
SEVEN,1804,Paseo de Tollocan
SEVEN,565,Emilio Castelar
SEVEN,2915,BOSQUES DE LAS FUENTES
SEVEN,2512,RIO RHIN
SEVEN,622,Plaza Sogue
SEVEN,1689,Salamanca
SEVEN,806,Hegel
SEVEN,3019,PINO
SEVEN,520,Leibnitz
SEVEN,1535,Hesiodo
SEVEN,708,Ferroc. De Cuernavaca
SEVEN,2020,CUERNAVACA ESQUINA JUAN ESCUTIA
SEVEN,1002,Constituyentes
SEVEN,654,Galileo
SEVEN,2139,ALVARO OBREGON II
SEVEN,2769,ALMUDENA
SEVEN,746,Torre Palmas
SEVEN,2413,SCHILLER
SEVEN,1256,Santa Fe Y Cruz Manca
SEVEN,3174,ENTTORNO
SEVEN,1683,Carrt. Toluca-Naucalpan
SEVEN,2039,Juan Salvador Agraz
SEVEN,727,Plaza Galerias
SEVEN,3150,JOSE MARTI
SEVEN,673,Kelvin
SEVEN,710,González Camarena
SEVEN,874,Torre Pemex
SEVEN,517,Homero
SEVEN,914,Heraclito
SEVEN,557,Vosgos
SEVEN,154,Lamartine
SEVEN,2898,CIPRES RESIDENCIAL
SEVEN,1952,LAGO CONSTANZA EJERCITO NACIONAL
SEVEN,1242,Angeles México
SEVEN,2069,Tecnologico
SEVEN,1725,San Mateo Atenco
SEVEN,757,Torre Mayor
SEVEN,577,Moliere
SEVEN,1373,G. Glez. Camarena (Maxcom)
SEVEN,1369,Copernico
SEVEN,1075,Marina Nacional
SEVEN,578,Petrarca
SEVEN,3065,PASEO ARBOLEDA
SEVEN,781,Monte Elbruz
SEVEN,2597,PASEO DE LAS LOMAS
SEVEN,3036,BE GRAND ALTO POLANCO
SEVEN,3046,BE GRAND CONTADERO
SEVEN,2079,LAS TINAJAS
SEVEN,2545,DOWNTOWN SANTA FE
SEVEN,864,Prado Norte